{"cameraMode":{"drawMode":0,"name":"Shaded","section":"Shading Mode"},"sceneLighting":true,"audioPlay":false,"sceneViewState":{"m_AlwaysRefresh":false,"showFog":true,"showSkybox":true,"showFlares":true,"showImageEffects":true,"showParticleSystems":true,"showVisualEffectGraphs":true,"m_FxEnabled":true},"in2DMode":false,"pivot":{"x":-13.364916801452637,"y":72.40577697753906,"z":-28.321212768554689},"rotation":{"x":0.06744769215583801,"y":-0.0059859296306967739,"z":0.0004047480470035225,"w":0.9977057576179504},"size":525.6617431640625,"orthographic":true}