{"cameraMode":{"drawMode":0,"name":"Shaded","section":"Shading Mode"},"sceneLighting":true,"audioPlay":false,"sceneViewState":{"m_AlwaysRefresh":false,"showFog":true,"showSkybox":true,"showFlares":true,"showImageEffects":true,"showParticleSystems":true,"showVisualEffectGraphs":true,"m_FxEnabled":true},"in2DMode":false,"pivot":{"x":6.424777984619141,"y":103.98915100097656,"z":-23.95172119140625},"rotation":{"x":0.06744769215583801,"y":-0.0059859296306967739,"z":0.0004047480470035225,"w":0.9977057576179504},"size":541.9309692382813,"orthographic":true}